

1) Assume there is a table called Multicust, with all of the same column definitions
as Salespeople. Write a command that inserts all salespeople with more than one
customer into this table.

INSERT INTO Multicust (SNUM, SNAME, CITY, COMM)
SELECT SNUM, SNAME, CITY, COMM FROM SALESPEOPLE
WHERE SNUM IN (
SELECT SNUM FROM CUSTOMES
GROUP BY SNUM
HAVING COUNT(*) > 1
);


-------------------------------------------------------------------------------------------
-------------------------------------------------------------------------------------------


2) Write a command that deletes all customers with no current orders.


mysql> DELETE FROM CUSTOMERS
    -> WHERE CNUM NOT IN (
    -> SELECT DISTINCT CNUM
    -> FROM ORDERS
    -> );
Query OK, 1 row affected (0.01 sec)

mysql> SELECT * FROM CUSTOMERS;
+------+----------+----------+--------+------+
| CNUM | CNAME    | CITY     | RATING | SNUM |
+------+----------+----------+--------+------+
| 2001 | Hoffman  | London   |    100 | 1001 |
| 2002 | Giovanni | Rome     |    300 | 1003 |
| 2003 | Liu      | San Jose |    200 | 1004 |
| 2004 | Grass    | Berlin   |    300 | 1004 |
| 2008 | Cisneros | San Jose |    300 | 1007 |
| 2007 | Pereira  | Rome     |    200 | 1004 |
+------+----------+----------+--------+------+
6 rows in set (0.00 sec)


-------------------------------------------------------------------------------------------
-------------------------------------------------------------------------------------------


3) Write a command that increases by twenty percent the commissions of all
salespeople with total orders above Rs. 3,000.


mysql> UPDATE SALESPEOPLE
    -> SET COMM = COMM * 1.20
    -> WHERE SNUM IN (
    -> SELECT SNUM FROM ORDERS
    -> GROUP BY SNUM
    -> HAVING SUM(AMT) > 3000);
Query OK, 1 row affected (0.01 sec)
Rows matched: 1  Changed: 1  Warnings: 0

mysql> SELECT * FROM SALESPEOPLE;
+------+---------+-----------+------+
| SNUM | SNAME   | CITY      | COMM |
+------+---------+-----------+------+
| 1001 | Peel    | London    | 0.12 |
| 1002 | Serres  | San jose  | 0.16 |
| 1004 | Motika  | London    | 0.11 |
| 1007 | Rifkin  | Barcelona | 0.15 |
| 1003 | Axelrod | New York  | 0.10 |
| 1100 | BLANCO  | SAN JOSE  | NULL |
+------+---------+-----------+------+
6 rows in set (0.00 sec)


-------------------------------------------------------------------------------------------
-------------------------------------------------------------------------------------------



